{
    "model": "Support Vector Machine (SVM)",
    "timestamp": "2025-10-10 14:45:45",
    "parameters": {
        "C": 1.0,
        "gamma": "scale",
        "kernel": "rbf",
        "image_size": [
            128,
            128
        ]
    },
    "dataset_info": {
        "total_samples": 7874,
        "training_samples": 6692,
        "test_samples": 1182,
        "classes": [
            "anthracose",
            "fruit_fly",
            "healthy_guava"
        ],
        "feature_dimension": 8296
    },
    "training_metrics": {
        "accuracy": 0.9853556485355649,
        "precision": 0.9856565784402556,
        "recall": 0.9853556485355649,
        "f1_score": 0.9852708313285844
    },
    "test_metrics": {
        "accuracy": 0.9128595600676819,
        "precision": 0.9186221566717238,
        "recall": 0.9128595600676819,
        "f1_score": 0.912086851244264
    },
    "overfitting_gap_percent": 7.249608846788302,
    "classification_report": "               precision    recall  f1-score   support\n\n   anthracose     0.9280    0.9110    0.9194       382\n    fruit_fly     0.8647    0.9888    0.9226       446\nhealthy_guava     0.9764    0.8192    0.8909       354\n\n     accuracy                         0.9129      1182\n    macro avg     0.9230    0.9063    0.9110      1182\n weighted avg     0.9186    0.9129    0.9121      1182\n"
}