{
    "model": "XGBoost",
    "image_type": "Digital",
    "task": "Maturity Classification",
    "timestamp": "2025-10-11 20:27:01",
    "classes": [
        "immature",
        "mature",
        "semi_mature"
    ],
    "parameters": {
        "n_estimators": 50,
        "max_depth": 6,
        "learning_rate": 0.1,
        "subsample": 0.8,
        "colsample_bytree": 0.8,
        "reg_alpha": 0.1,
        "reg_lambda": 1.0,
        "early_stopping_rounds": 3
    },
    "training_info": {
        "best_iteration": 49,
        "total_iterations": 50,
        "feature_dimension": 8310
    },
    "training_metrics": {
        "accuracy": 0.9915500063059655,
        "precision": 0.9916947258593505,
        "recall": 0.9915500063059655,
        "f1_score": 0.9915651644511319
    },
    "test_metrics": {
        "accuracy": 0.9394586894586895,
        "precision": 0.939976782889154,
        "recall": 0.9394586894586895,
        "f1_score": 0.9395901536563709
    },
    "overfitting_gap_percent": 5.209131684727597,
    "classification_report": "              precision    recall  f1-score   support\n\n    immature     0.9485    0.9388    0.9436       490\n      mature     0.9600    0.9402    0.9500       485\n semi_mature     0.9077    0.9394    0.9233       429\n\n    accuracy                         0.9395      1404\n   macro avg     0.9387    0.9395    0.9389      1404\nweighted avg     0.9400    0.9395    0.9396      1404\n"
}