{
    "model": "Random Forest",
    "timestamp": "2025-10-10 18:59:06",
    "parameters": {
        "n_estimators": 100,
        "max_depth": 15,
        "min_samples_split": 10,
        "min_samples_leaf": 4,
        "max_features": "sqrt"
    },
    "training_metrics": {
        "accuracy": 0.9886431560071728,
        "precision": 0.9888359904712519,
        "recall": 0.9886431560071728,
        "f1_score": 0.9885886169617198
    },
    "test_metrics": {
        "accuracy": 0.9416243654822335,
        "precision": 0.945723080246247,
        "recall": 0.9416243654822335,
        "f1_score": 0.9414201597759746
    },
    "overfitting_gap_percent": 4.701879052493929,
    "classification_report": "               precision    recall  f1-score   support\n\n   anthracose     0.9574    0.9424    0.9499       382\n    fruit_fly     0.8952    0.9955    0.9427       446\nhealthy_guava     0.9968    0.8729    0.9307       354\n\n     accuracy                         0.9416      1182\n    macro avg     0.9498    0.9369    0.9411      1182\n weighted avg     0.9457    0.9416    0.9414      1182\n"
}