{
    "model": "K-Nearest Neighbors (KNN)",
    "timestamp": "2025-10-11 10:44:33",
    "parameters": {
        "n_neighbors": 11,
        "weights": "distance",
        "metric": "euclidean"
    },
    "k_value_analysis": {
        "tested_k_values": [
            3,
            5,
            7,
            9,
            11,
            13,
            15
        ],
        "cv_accuracies": [
            0.586527253224204,
            0.5929547569611247,
            0.5966896677406756,
            0.6078968790765267,
            0.6183561032576034,
            0.6173107034389052,
            0.6171612266078139
        ],
        "optimal_k": 11
    },
    "training_metrics": {
        "accuracy": 1.0,
        "precision": 1.0,
        "recall": 1.0,
        "f1_score": 1.0
    },
    "test_metrics": {
        "accuracy": 0.6582064297800339,
        "precision": 0.6897075641549196,
        "recall": 0.6582064297800339,
        "f1_score": 0.6511081083375855
    },
    "overfitting_gap_percent": 34.179357021996616,
    "classification_report": "               precision    recall  f1-score   support\n\n   anthracose     0.5528    0.8220    0.6611       382\n    fruit_fly     0.7528    0.4507    0.5638       446\nhealthy_guava     0.7579    0.7429    0.7504       354\n\n     accuracy                         0.6582      1182\n    macro avg     0.6879    0.6719    0.6584      1182\n weighted avg     0.6897    0.6582    0.6511      1182\n"
}