{
    "model": "K-Nearest Neighbors (KNN)",
    "image_type": "Digital",
    "task": "Maturity Classification",
    "timestamp": "2025-10-11 23:38:32",
    "classes": [
        "immature",
        "mature",
        "semi_mature"
    ],
    "parameters": {
        "n_neighbors": 15,
        "weights": "distance",
        "metric": "euclidean",
        "image_size": [
            128,
            128
        ]
    },
    "k_value_analysis": {
        "tested_k_values": [
            3,
            5,
            7,
            9,
            11,
            13,
            15
        ],
        "cv_accuracies": [
            0.48833396392987766,
            0.49766679278597553,
            0.5040988775381511,
            0.5057384285534114,
            0.5051078320090806,
            0.5075040988775382,
            0.5078824568041367
        ],
        "cv_std_deviations": [
            0.004328667499490623,
            0.004585612047596856,
            0.005459669774729038,
            0.00287042670620283,
            0.008600190249076697,
            0.0043834398277166455,
            0.0009437904872679623
        ],
        "optimal_k": 15,
        "best_cv_accuracy": 0.5078824568041367
    },
    "model_info": {
        "feature_dimension": 8310,
        "training_samples": 7929
    },
    "training_metrics": {
        "accuracy": 1.0,
        "precision": 1.0,
        "recall": 1.0,
        "f1_score": 1.0
    },
    "test_metrics": {
        "accuracy": 0.5128205128205128,
        "precision": 0.5213773955002645,
        "recall": 0.5128205128205128,
        "f1_score": 0.5119121360064584
    },
    "overfitting_gap_percent": 48.71794871794872,
    "classification_report": "              precision    recall  f1-score   support\n\n    immature     0.5312    0.6082    0.5671       490\n      mature     0.5873    0.4371    0.5012       485\n semi_mature     0.4357    0.4895    0.4610       429\n\n    accuracy                         0.5128      1404\n   macro avg     0.5180    0.5116    0.5098      1404\nweighted avg     0.5214    0.5128    0.5119      1404\n"
}