{
    "accuracy": [
        0.8479405045509338,
        0.9167120456695557,
        0.9383051991462708,
        0.9435673952102661,
        0.957539439201355,
        0.9582653045654297,
        0.9684267640113831,
        0.9653420448303223,
        0.9637089371681213,
        0.9646162390708923,
        0.9691526293754578
    ],
    "loss": [
        0.4705282747745514,
        0.2446579933166504,
        0.17557188868522644,
        0.16906386613845825,
        0.12417970597743988,
        0.12790793180465698,
        0.09665393829345703,
        0.09451301395893097,
        0.0957588255405426,
        0.110684834420681,
        0.08731335401535034
    ],
    "val_accuracy": [
        0.29974597692489624,
        0.30143946409225464,
        0.685012698173523,
        0.7950888872146606,
        0.8992379307746887,
        0.8687552809715271,
        0.5444538593292236,
        0.9618967175483704,
        0.6401354670524597,
        0.5453006029129028,
        0.4055884778499603
    ],
    "val_loss": [
        16.554340362548828,
        6.705984115600586,
        0.9535270929336548,
        0.5272575616836548,
        0.2882082164287567,
        0.3172995150089264,
        2.1777777671813965,
        0.09291967749595642,
        2.0515317916870117,
        3.0516374111175537,
        4.670169353485107
    ],
    "learning_rate": [
        0.0010000000474974513,
        0.0010000000474974513,
        0.0010000000474974513,
        0.0010000000474974513,
        0.0010000000474974513,
        0.0010000000474974513,
        0.0010000000474974513,
        0.0010000000474974513,
        0.0010000000474974513,
        0.0010000000474974513,
        0.0010000000474974513
    ]
}